{"totalSteps":790,"cadence":103,"overallMedian":310.0,"overallIqr":38.0,"stepTypeStats":{"walking":{"count":790,"ratio":1.0,"totalDurationS":461.257},"running":{"count":0,"ratio":0.0,"totalDurationS":0.0},"limping":{"count":0,"ratio":0.0,"totalDurationS":0.0}},"footIntensity":{"left":{"count":100,"average":332.97,"stdDev":26.03246242674711,"median":331.5,"iqr":31.0,"peakPosition":415},"right":{"count":100,"average":297.12,"stdDev":15.680739778467078,"median":296.0,"iqr":22.0,"peakPosition":336}},"stepDuration":{"left":{"averageS":0.6123699999999999,"stdDevS":0.05749654859206769,"medianS":0.6034999999999999,"iqrS":0.07050000000000001},"right":{"averageS":0.5715555555555556,"stdDevS":0.06143835248445786,"medianS":0.589,"iqrS":0.07699999999999996}},"strideDuration":{"left":{"averageS":1.1838787878787873,"stdDevS":0.053281844981113095,"medianS":1.197,"iqrS":0.07400000000000007},"right":{"averageS":1.1840404040404047,"stdDevS":0.06363785151379088,"medianS":1.196,"iqrS":0.07200000000000006}},"lastStepType":"WALK","leftMedianData":[107.0,115.0,134.0,167.0,199.0,230.0,261.0,291.0,314.0,324.0,324.0,317.0,304.0,290.0,275.0,262.0,251.0,242.0,235.0,228.0,222.0,217.0,213.0,209.0,205.0,201.0,198.0,194.0,189.0,183.0,175.0,164.0,151.5,137.0,126.0,119.0,113.0,110.0,0.0,0.0,0.0,0.0,0.0,0.0,0.0,0.0,0.0,0.0,0.0,0.0,0.0,0.0,0.0,0.0,0.0,0.0,0.0,0.0,0.0,0.0],"leftIqrData":[6.0,11.0,25.0,36.0,38.0,39.0,44.0,40.0,36.0,35.0,33.0,32.0,33.0,30.0,26.0,20.0,19.0,17.0,15.0,14.0,14.0,13.0,12.0,14.0,12.0,13.0,12.0,14.0,15.0,17.0,21.0,24.0,26.0,23.25,15.25,12.0,10.25,5.0,0.0,0.0,0.0,0.0,0.0,0.0,0.0,0.0,0.0,0.0,0.0,0.0,0.0,0.0,0.0,0.0,0.0,0.0,0.0,0.0,0.0,0.0],"rightMedianData":[109.0,119.0,140.0,173.0,205.5,233.0,257.0,277.0,286.0,286.5,280.0,271.0,260.0,249.0,239.0,231.0,223.5,217.0,212.0,208.0,203.0,200.0,196.0,192.0,189.0,184.0,178.0,172.0,164.0,153.0,140.0,130.0,121.0,116.0,113.0,111.0,0.0,0.0,0.0,0.0,0.0,0.0,0.0,0.0,0.0,0.0,0.0,0.0,0.0,0.0,0.0,0.0,0.0,0.0,0.0,0.0,0.0,0.0,0.0,0.0],"rightIqrData":[9.0,12.25,26.0,31.0,29.0,27.0,28.0,26.0,21.0,19.0,16.0,18.0,17.0,15.0,14.0,12.0,13.0,11.0,11.0,11.0,10.0,11.0,11.25,11.0,10.0,9.0,10.0,10.0,14.0,16.25,18.0,16.0,13.0,9.0,7.25,6.0,0.0,0.0,0.0,0.0,0.0,0.0,0.0,0.0,0.0,0.0,0.0,0.0,0.0,0.0,0.0,0.0,0.0,0.0,0.0,0.0,0.0,0.0,0.0,0.0],"stepLength":66.77777777777779}