{"totalSteps":183,"cadence":122,"overallMedian":282.0,"overallIqr":35.0,"stepTypeStats":{"walking":{"count":93,"ratio":0.5081967213114754,"totalDurationS":54.187999999999995},"running":{"count":90,"ratio":0.4918032786885246,"totalDurationS":35.432},"limping":{"count":0,"ratio":0.0,"totalDurationS":0.0}},"footIntensity":{"left":{"count":91,"average":279.5164835164835,"stdDev":22.41926302685507,"median":276.0,"iqr":30.0,"peakPosition":354},"right":{"count":92,"average":296.60869565217394,"stdDev":30.713598645826863,"median":293.0,"iqr":44.5,"peakPosition":375}},"stepDuration":{"left":{"averageS":0.47806593406593395,"stdDevS":0.10868260091022405,"medianS":0.458,"iqrS":0.21199999999999997},"right":{"averageS":0.5067692307692306,"stdDevS":0.12121609773440878,"medianS":0.519,"iqrS":0.22199999999999998}},"strideDuration":{"left":{"averageS":0.9816999999999999,"stdDevS":0.21219176075741805,"medianS":1.0485,"iqrS":0.44000000000000006},"right":{"averageS":0.9848351648351655,"stdDevS":0.21118989235180324,"medianS":1.017,"iqrS":0.43800000000000006}},"lastStepType":"WALK","leftMedianData":[121.0,135.0,147.0,160.0,176.0,203.0,224.0,247.0,259.0,265.0,262.0,263.0,259.0,250.0,240.0,230.0,221.0,213.0,203.0,195.0,191.5,194.0,193.0,191.0,188.0,183.0,179.0,174.0,167.0,159.0,146.0,134.0,128.0,124.0,119.5,110.0,0.0,0.0,0.0,0.0,0.0,0.0,0.0,0.0,0.0,0.0,0.0,0.0,0.0,0.0,0.0,0.0,0.0,0.0,0.0,0.0,0.0,0.0,0.0,0.0],"leftIqrData":[32.0,25.0,14.0,32.0,55.0,64.0,70.0,64.0,54.0,44.0,31.0,24.0,21.0,22.0,21.0,20.0,20.0,26.0,33.0,38.0,49.25,49.0,47.5,43.0,13.5,12.0,13.0,14.0,17.5,20.5,23.0,19.75,14.5,13.0,6.5,7.0,0.0,0.0,0.0,0.0,0.0,0.0,0.0,0.0,0.0,0.0,0.0,0.0,0.0,0.0,0.0,0.0,0.0,0.0,0.0,0.0,0.0,0.0,0.0,0.0],"rightMedianData":[123.0,132.5,141.0,155.0,176.0,197.5,221.0,246.0,266.5,276.0,280.0,281.0,275.0,269.0,259.0,246.0,233.0,223.0,214.0,203.0,198.5,193.0,192.0,193.5,193.0,189.5,187.0,186.0,179.0,175.0,167.5,160.5,150.0,147.5,130.0,126.0,119.5,0.0,0.0,0.0,0.0,0.0,0.0,0.0,0.0,0.0,0.0,0.0,0.0,0.0,0.0,0.0,0.0,0.0,0.0,0.0,0.0,0.0,0.0,0.0],"rightIqrData":[27.75,22.5,18.5,23.75,40.25,56.25,63.0,73.25,69.5,62.25,57.0,49.0,39.0,32.0,29.0,29.0,25.0,28.0,36.0,46.0,53.75,59.5,59.75,53.5,20.0,15.25,17.0,18.0,16.0,23.25,22.5,29.75,33.0,22.5,24.0,12.0,7.5,0.0,0.0,0.0,0.0,0.0,0.0,0.0,0.0,0.0,0.0,0.0,0.0,0.0,0.0,0.0,0.0,0.0,0.0,0.0,0.0,0.0,0.0,0.0],"stepLength":67.1111111111111}